epoch_0,epoch_1,epoch_2,epoch_3,epoch_4,epoch_5,epoch_6,epoch_7,epoch_8,epoch_9,epoch_10,epoch_11,epoch_12,epoch_13,epoch_14,epoch_15,epoch_16,epoch_17,epoch_18,epoch_19,avg,iter_total
1.1991591249825433,0.6646760000148788,0.6740667090052739,0.6734723339322954,0.6664745829766616,0.6640601670369506,0.6652062500361353,0.6643881670897827,0.6647793330485001,0.6739197080023587,0.677063541021198,0.6715653340797871,0.6702214590040967,0.6570582919521257,0.6670847500208765,0.6711413329467177,0.6641665829811245,0.6666104580508545,0.653177332947962,0.657159624970518,0.6932725542050321,14.062008874956518
0.6140845000045374,0.6439355000620708,0.6979761249385774,0.7500439579598606,0.97497916710563,0.7958298749290407,0.9585771659621969,0.9454032089561224,1.0900063749868423,1.1421671659918502,0.9691442500334233,0.9727788330055773,1.0562493749894202,1.0949651249684393,0.8186137499287724,1.113417832995765,0.9127125000813976,1.1283625409705564,0.874456207966432,0.7379244159674272,0.914581393590197,18.35584774997551
0.7536293340381235,1.075165875023231,0.9145173330325633,0.7162359580397606,0.6618030830286443,0.6591613750206307,0.6662432498997077,0.6760339579777792,0.6649114170577377,0.6442357080522925,0.6735541250091046,0.6646844169590622,0.6601857079658657,0.6583320000208914,0.65860674995929,0.6536509590223432,0.6558928330196068,0.660555333015509,0.6639132500858977,0.6581757080275565,0.7019744187127799,14.06781624990981
0.6589802079834044,0.6554919580230489,0.6626181249739602,0.6580638339510188,0.6746606659144163,0.664538708049804,0.6597760000731796,0.6600933329900727,0.6567300000460818,0.655245375004597,0.6602586670778692,0.6566013330593705,0.6605126250069588,0.6620464589213952,0.658498749951832,0.657858542050235,0.6604785419767722,0.6509689579252154,0.6759073749417439,0.6501304169651121,0.6599729937443044,13.228930125012994
0.6577147500356659,0.6617125829216093,0.6663998340955004,0.6624888340011239,0.6668218750273809,0.6576467910781503,0.6547642089426517,0.6555243340553716,0.6551801669411361,0.6647492499323562,0.6621045829961076,0.6641459169331938,0.6643114999169484,0.6518654999090359,0.6592635000124574,0.6421650419943035,0.6587694580666721,0.6603864580392838,0.6581924579804763,0.6595950829796493,0.6591901062929537,13.213436292018741
0.6592080829432234,0.6543764999369159,0.6586422499967739,0.6568363748956472,0.6528249999973923,0.6562744589755312,0.6597742500016466,0.6528708330588415,0.6474973330041394,0.6439752909354866,0.6511529159033671,0.6511737500550225,0.6554324580356479,0.6541525410721079,0.6502632079645991,0.6469514169730246,0.6498666669940576,0.5709950829623267,0.625884540961124,0.6469657080015168,0.6472559331334196,12.974456374999136
0.664715165970847,0.6481385829392821,0.6574439579853788,0.6528822500258684,0.6556616249727085,0.6536266669863835,0.6556317080976442,0.6587716669309884,0.6525690839625895,0.6589004580164328,0.6557154159527272,0.6504911250667647,0.6516724999528378,0.6511925000231713,0.6433934579836205,0.6542318749707192,0.6509805839741603,0.6619200409622863,0.6585479580098763,0.6608304169494659,0.6548658519866877,13.127105624997057
0.65479325002525,0.6412556669674814,0.6563706250162795,0.6423483749385923,0.658860250026919,0.6565747919958085,0.659702125005424,0.6556656659813598,0.6530580419348553,0.6566107919206843,0.6584970830008388,0.6619274159893394,0.6638141659786925,0.6623484580777586,0.6617833339842036,0.664365499978885,0.6600785000482574,0.6555083330022171,0.6714388340478763,0.6589365410618484,0.6576968874491286,13.182770791929215
0.6677463330561295,0.6620462500723079,0.668853500043042,0.6633523750351742,0.662364499992691,0.6681082500144839,0.6666404579300433,0.6696019999217242,0.664236958953552,0.6598430830053985,0.665188540937379,0.6601820830255747,0.6769912079907954,0.6547627079999074,0.6539713339880109,0.6520538339391351,0.6487557920627296,0.6717980829998851,0.6659621249418706,0.658118208986707,0.6630288812448271,13.2895686669508
0.666106624994427,0.6639764999272302,0.6704055420123041,0.6740149169927463,0.662983207963407,0.6621871249517426,0.6548551670275629,0.6601689170347527,0.6618192499736324,0.6657460840651765,0.6631432080175728,0.662955250008963,0.665535542066209,0.6574225419899449,0.6662257920252159,0.6392810409888625,0.6573328329250216,0.651665166951716,0.6363777079386637,0.6702413329621777,0.6606221875408664,13.241206457954831
0.8567014160798863,0.9110232921084389,1.058849083026871,0.8001164169982076,0.7404017089866102,0.7408766660373658,0.7179494589800015,0.9770910419756547,0.8690244170138612,0.8903500410960987,0.8956780829466879,0.9040782079100609,0.6966428330633789,0.8757368749938905,0.8175070829456672,0.781149708898738,0.9091550420271233,1.034993665991351,0.8539306669263169,0.766564958030358,0.8548910333018285,17.125485999975353
0.6816923340084031,0.906892333063297,1.0119413749780506,0.911531166988425,0.6659921670798212,0.9718357080128044,0.6726684169843793,1.0603921249276027,1.093705416074954,0.7957609170116484,1.0532438330119476,1.0266240000491962,0.9590277910465375,1.1374505419516936,0.6733931249473244,0.8304281249875203,0.9079913749592379,0.9240730829769745,1.0571068339049816,1.073904584045522,0.920782762550516,18.522956916014664
0.8642424589488655,1.1441390410764143,0.8060750419972464,1.0829449999146163,1.0866875839419663,0.899356208043173,1.1706406250596046,0.8812928749248385,0.9885436249896884,1.04996083304286,0.9684462090954185,1.1453017499297857,1.0167964580468833,1.0275642919586971,0.9681611249689013,0.9990002909908071,1.1368822080548853,0.9985430829692632,1.0296501249540597,1.0187143329530954,1.0141471582930535,20.448005500016734
1.1297437079483643,1.095105875050649,1.0250763749936596,1.0021526670316234,0.9584330000216141,0.8476161250146106,1.0685074999928474,1.191410708008334,0.8208208330906928,0.9354545840760693,1.1526832079980522,1.020495125092566,1.186758583993651,0.7991379160666838,0.9342874579597265,1.0944129170384258,1.0840464589418843,1.1038826659787446,0.9136467500356957,0.9708422500407323,1.0167257354187313,20.51570787501987
1.1464292920427397,1.1753133749589324,1.0219040410593152,0.8106733330059797,0.9946153750643134,1.1322782079223543,0.8990536669734865,1.1175147918984294,0.7090710829943419,0.7697561669629067,0.7388469999423251,0.6502083330415189,0.6704244579887018,0.6623356670606881,0.6793132079765201,0.6579068750143051,0.6553074159892276,0.66261045797728,0.6514172500465065,0.6398399160243571,0.8222409956972114,16.574430917040445
0.6347513749497011,0.6302178340265527,0.6516077920095995,0.6362434580223635,0.6239492080640048,0.6450299579882994,0.6470391670009121,0.6626543329330161,0.663593832985498,0.6675820420496166,0.6664427079958841,0.6338086250470951,0.6320863749133423,0.6534417499788105,0.6619371670531109,0.6661167499842122,0.6633141660131514,0.6610559159889817,0.6606572919990867,0.6166703749913722,0.6489100061997306,13.006916915997863
0.6522540840087458,0.6720462500816211,0.6658489169785753,0.657379874959588,0.6579284160397947,0.6584258750081062,0.6628880409989506,0.59902166610118,0.657818540930748,0.6561809170525521,0.6555216249544173,0.6676150419516489,0.6418820419348776,0.6470110829686746,0.6571011670166627,0.6226116250036284,0.6594130418961868,0.6607417499180883,0.6619359999895096,0.6643618330126628,0.6538993895403109,13.107390208984725
0.6584645420080051,0.654135457938537,0.6473176659783348,0.6281023329356685,0.6597498330520466,0.6446444579632953,0.6450160840759054,0.6534837080398574,0.6516976249404252,0.6524692910024896,0.6621628749417141,0.6141690419754013,0.6556275829207152,0.6575749579351395,0.6549132909858599,0.651706250035204,0.6536270830547437,0.6525644579669461,0.6708166250027716,0.6127096250420436,0.6490476393897552,13.010262083029374
0.6560114580206573,0.6581144580850378,0.6607978329993784,0.6583549169590697,0.6572842500172555,0.6587859160499647,0.653874333947897,0.6184596669627354,0.6531638749875128,0.6626620000461116,0.6585522498935461,0.6511363339377567,0.6556256670737639,0.6465045000659302,0.6500449168961495,0.6023382090497762,0.6549503749702126,0.6536338749574497,0.6563666659640148,0.6579096670029685,0.6512285583943594,13.0548843749566
0.6471430000383407,0.644556040992029,0.6521579999243841,0.6173126669600606,0.6507052909582853,0.6528831250034273,0.6490069580031559,0.6523056249134243,0.6666026660241187,0.65438187494874,0.6569552079308778,0.6146670000161976,0.6526392080122605,0.6544277499197051,0.6541383750736713,0.6574500000569969,0.651425207965076,0.651704250019975,0.6533936250489205,0.604524708003737,0.6469190289906692,12.968037375016138
0.6617686660028994,0.6567801249912009,0.6547499999869615,0.6484868749976158,0.6542849169345573,0.656382416957058,0.6536277920240536,0.6067630830220878,0.6593452499946579,0.659735916997306,0.6754553329665214,0.6533229170599952,0.6588227920001373,0.6640372090041637,0.6430942079750821,0.63267724995967,0.656515333103016,0.6522564579499885,0.6586377080529928,0.6399085000157356,0.6523326374997851,13.076349584036507
0.6504056659759954,0.6482562080491334,0.6488725420786068,0.6096170409582555,0.6535287919687107,0.6463763340143487,0.6460287920199335,0.6522138339933008,0.6490120000671595,0.6511787920026109,0.6482085000025108,0.6041577500291169,0.6503885000711307,0.6507329159649089,0.6461316250497475,0.6570220419671386,0.6509335419395939,0.6555609579663724,0.6559871250065044,0.6009225830202922,0.6437767771072685,12.904739332967438
0.6515239169821143,0.6557472919812426,0.6507722919341177,0.6453100410290062,0.6509262919425964,0.652205332997255,0.6473762500099838,0.602026249980554,0.6545674999943003,0.6490150419995189,0.65550029091537,0.6508944589877501,0.6545718749985099,0.6517912079580128,0.6375935829710215,0.6950097089866176,0.6524669170612469,0.6556165419751778,0.6578904159832746,0.6511979170609266,0.6511001562874299,13.051402917015366
0.6519241249188781,0.6594716670224443,0.6487032088916749,0.630540290963836,0.6600559169892222,0.6346817499725148,0.6565546669298783,0.6560508339898661,0.6601722920313478,0.6542869169497862,0.6546901249093935,0.6122211669571698,0.655204416019842,0.6503230419475585,0.652495582937263,0.6570782499620691,0.6562205000082031,0.6498512079706416,0.6523919169558212,0.6176090000662953,0.6485263438196853,12.999926000018604
0.656525667058304,0.6552592089865357,0.6463000000221655,0.6548375840066001,0.6515151670901105,0.654103875043802,0.6581062499899417,0.6143522090278566,0.6483413330279291,0.6504743749974295,0.6548805419588462,0.6548463329672813,0.6560956250177696,0.6532496659783646,0.6589242080226541,0.6124439589912072,0.6538077919976786,0.6529048340162262,0.6504200410563499,0.6491000419482589,0.6493244355602655,13.015850665979087
0.6503232079558074,0.6486779170809314,0.6506584580056369,0.6126480419188738,0.655148624908179,0.6543767499970272,0.6508528749691322,0.6506180840078741,0.6479673329740763,0.6472896249033511,0.6622737080324441,0.603270374936983,0.6545682919677347,0.6478698749560863,0.6558504159329459,0.6478415840538219,0.6534422090044245,0.650359999970533,0.6555964169092476,0.5990304999286309,0.6449332146206871,12.928641375037841
0.6496496249455959,0.6541348750470206,0.6562135419808328,0.6581107079982758,0.6629823750117794,0.6567662920570001,0.6535056669963524,0.6053620419697836,0.6483016670681536,0.6537666670046747,0.657732209074311,0.6554817090509459,0.6574949999339879,0.6542276249965653,0.6542342499596998,0.6199039160273969,0.6556007909821346,0.6539120000088587,0.6554114159662277,0.6527819170150906,0.6507787146547344,13.044954999932088
0.6516215410083532,0.6528615830466151,0.6446685829432681,0.617729208082892,0.8670276249758899,1.0683222090592608,0.8672572909854352,1.0775795410154387,0.7550992080941796,0.7992908339947462,1.090883083990775,1.0275044579757378,1.1463429590221494,0.8775571249425411,0.8421157909324393,1.1401845420477912,1.0132051659747958,1.0672909170389175,0.8885225410340354,0.8673750410089269,0.8981219623587094,18.061572375008836
1.0516347910743207,1.0740557090612128,1.003818582976237,0.8549568330636248,0.8197606670437381,0.6797576660756022,1.0544013750040904,0.9525649999268353,0.8009198330109939,0.7298750830814242,0.9819967920193449,0.6646108330460265,0.6550545420031995,0.6742381660733372,0.651851458940655,0.6502113749738783,0.6502508330158889,0.6502989160362631,0.6462027090601623,0.6037684580078349,0.7925114811747335,15.908207540982403
0.6496897080214694,0.6441396659938619,0.6401982499519363,0.634968166006729,0.6498462919844314,0.6464669170090929,0.649758666055277,0.6007671250263229,0.6590943749761209,0.6523470829706639,0.6552452079486102,0.6353720420738682,0.6492704160045832,0.65242241602391,0.6570989160099998,0.599744499893859,0.6467015829402953,0.6492996250744909,0.6480367089388892,0.6456555420299992,0.6433061602467205,12.89591650001239
0.6502712500514463,0.6538369579939172,0.658317832974717,0.6040533749619499,0.65375258307904,0.6503766670357436,0.6575131670106202,0.6519135830458254,0.655413583968766,0.655267084017396,0.652848833007738,0.6039319169940427,0.6494897500379011,0.6510688749840483,0.6457077499944717,0.6566374589456245,0.6550463330931962,0.6515503750415519,0.654603875009343,0.6120997079415247,0.6461850479594432,12.953464332967997
0.6469372080173343,0.6507235839962959,0.6478201249847189,0.6484992500627413,0.6552160420687869,0.6504482090240344,0.6495403330773115,0.5957349579548463,0.6499875830486417,0.6518818750046194,0.6442565830657259,0.6466947499429807,0.6479906659806147,0.6529860839946195,0.6487403330393136,0.5981798749417067,0.6503919169772416,0.645721333916299,0.6336588339181617,0.6492733749328181,0.6432341458974407,12.893990374985151
0.6535994170699269,0.6478981249965727,0.6544544170610607,0.5998147500213236,0.6573569580214098,0.6452653339365497,0.6555094169452786,0.6518032499589026,0.6488125410396606,0.6508064160589129,0.6544689170550555,0.6123793330043554,0.6541125000221655,0.649887082981877,0.6538254170445725,0.6440036670537665,0.656316832988523,0.6391212499001995,0.6478227090556175,0.6375927909975871,0.6457425562606659,12.945273541961797
0.649872750043869,0.6456804160261527,0.6449101250618696,0.6469202499138191,0.6508255829103291,0.6699768749531358,0.6511240000836551,0.6299022500170395,0.6508532499428838,0.648166291997768,0.6474024170311168,0.6486576250754297,0.6545530000003055,0.65120000008028,0.6470893749501556,0.639105667010881,0.6259296250063926,0.6454694579588249,0.6467310829320922,0.644157583010383,0.6469263812003192,12.967752124997787
0.6449251249432564,0.6491840839153156,0.6542009999975562,0.6357766250148416,0.6197321669897065,0.6506546669406816,0.651801333995536,0.6527248340426013,0.6531122920569032,0.6524629159830511,0.6563492499990389,0.6385655000340194,0.6325987919699401,0.6505478749750182,0.6490453750593588,0.653068833053112,0.6423009589780122,0.646857500076294,0.6544560840120539,0.6441094169858843,0.6466237314511091,12.961180958081968
0.626326666912064,0.6686393331037834,0.6506622919114307,0.6515715420246124,0.6528811249881983,0.645714542013593,0.6441113749751821,0.6192357080290094,0.6303759999573231,0.6492190409917384,0.7269235409330577,0.7791750839678571,1.0623217090032995,1.0423839170252904,0.7727600419893861,1.1122351249214262,1.0266788749722764,1.0707318750210106,1.0058899999130517,0.7861868749605492,0.791201233380707,15.884281000006013
0.9238385410280898,1.0881355829769745,1.1604516659863293,0.9582790000131354,0.8614874170161784,1.0359520419733599,1.136341999983415,1.147110041929409,0.8965267089661211,0.9186580840032548,1.0528329169610515,1.1324760830029845,1.0675897090695798,0.9679986250121146,0.9248840409563854,1.096372166997753,1.1308399169938639,0.9297008749563247,0.9585967919556424,0.931776832905598,1.0159924521343782,20.493509542080574
1.0394945830339566,1.1524652499938384,1.0670551670482382,0.9611452500103042,0.8992302089463919,1.1011931248940527,1.128688458004035,1.1261340830242261,0.75336175004486,0.8943744170246646,1.0760737910168245,1.1421068749623373,1.1222223750082776,0.8947724999161437,0.9692059170920402,0.9413252499653026,0.9996649579843506,1.1323972080135718,0.8239949580747634,1.09297679096926,1.015894145751372,20.44994395901449
0.8254222080577165,1.1174467499367893,1.1434619999490678,0.8309200830990449,1.1606865409994498,0.8028848340036348,1.1448968331096694,1.0255227499874309,0.9395292500266805,1.1357231669826433,0.8613230419578031,1.0962335420772433,1.0700198749545962,1.0123894170392305,1.1675136670237407,0.7830518339760602,1.1383882920490578,0.8947518339846283,1.0047618750249967,1.1111224169144407,1.0133025105576963,20.474910292075947
0.8702858340693638,1.127901416970417,0.8401730419136584,1.0239700420061126,1.0984503750223666,0.8835663750069216,1.1028854589676484,0.8470690000103787,0.982372457976453,1.121471041929908,0.860689084045589,1.1479941250290722,0.8477102920878679,1.0299899579258636,1.1683116659987718,0.7567783750128001,1.0911320840241387,0.9513037080178037,1.1042661250103265,1.1148073750082403,0.9985563918016851,20.23808666691184
0.9524896249640733,1.028115874971263,0.9550714999204502,1.0774295419687405,0.9129857909865677,1.0776298749260604,0.9243348330492154,0.965183624997735,1.0939412500010803,1.1135130840120837,0.9757557499688119,0.8579257919918746,0.9116709999507293,1.1188552919775248,1.1936392500065267,0.9447873750468716,0.8647025830578059,0.9333806249778718,1.0994522499386221,1.1131892499979585,1.0057027083355934,20.211891249986365
1.1039553750306368,0.8711716670077294,0.7731270419899374,1.1081235830206424,1.1517030000686646,1.0430322499014437,0.8652685419656336,0.9389519579708576,1.1491919169202447,0.9632951250532642,1.130855125025846,0.8836425829213113,0.9569845839869231,1.1172071660403162,1.1394766250159591,1.0357726250076666,0.8467319160699844,0.8787647080607712,1.1382021669996902,1.1238445000490174,1.010965122905327,20.352778582950123
1.133387624984607,0.859342374955304,1.0253062499687076,1.1127790829632431,1.1450459159677848,1.0392282090615481,0.8604152919724584,1.1119782499736175,1.1598363750381395,1.0517416249495,1.1150166250299662,0.7791276670759544,1.1386169999605045,1.1323778330115601,1.097228750004433,1.1372233749134466,0.6744604998966679,1.1349559169029817,0.967233833973296,1.1164842499420047,1.0395893375272862,20.986962374998257
1.0853019579080865,0.7186629169154912,1.1410582499811426,1.1158706250134856,1.0218148330459371,1.026088625076227,0.7982387089869007,0.8135405000066385,0.6896185830701143,0.7712074170121923,0.6338742090156302,0.6322806669631973,0.6212278750026599,0.6384675420122221,0.6287360830465332,0.6419417499564588,0.7029321250738576,0.6350664999336004,0.6286474170628935,0.6366972080431879,0.7790636896563228,15.662185583962128
0.6485268749529496,0.6461617919849232,0.628341207979247,0.6527268750360236,0.6722076250007376,0.6447947910055518,0.653587874956429,0.6501338749658316,0.6544372909702361,0.6384355840273201,0.6283050000201911,0.6443146659294143,0.6475959999952465,0.6489427500637248,0.6505048330873251,0.6473804169800133,0.6537270830012858,0.6616846659453586,0.6044183329213411,0.6566971659194678,0.6466462352371309,12.963604624965228
0.6334316249703988,0.6486958329332992,0.6363729999866337,0.6453443330246955,0.652762999990955,0.6472097500227392,0.6182079589925706,0.635260000010021,0.653510042000562,0.6439401661045849,0.650313040940091,0.6485249999677762,0.6565987080102786,0.6541617499897256,0.6390934999799356,0.6789922090247273,0.6609038329916075,0.6462121660588309,0.6461522079771385,0.6405383750097826,0.6468113248993177,12.96594195801299
0.6577595410635695,0.653564834035933,0.6442648329539225,0.6394265000708401,0.6560282089048997,0.6545074169989675,0.6562963330652565,0.6592452500481158,0.6584428750211373,0.6516674580052495,0.6379033339908347,0.6233366670785472,0.653647291008383,0.6610362919745967,0.6504059169674292,0.657021916937083,0.6586232909467071,0.6447231250349432,0.6475830000126734,0.6119765830226243,0.6488730333570857,13.006636334001087
0.6561147500760853,0.6497230000095442,0.6498307499568909,0.6572903749765828,0.6525649999966845,0.6487844999646768,0.6453934580786154,0.6151441669790074,0.6518339581089094,0.6517062080092728,0.6508327919291332,0.6485650420654565,0.6555172079242766,0.6470122500322759,0.634027833933942,0.6241417080163956,0.6541515419958159,0.650203957920894,0.6552126250462607,0.6571949999779463,0.6477623062499334,12.984991375007667
0.6490732920356095,0.6550194999435917,0.6028793340083212,0.6481880840146914,0.6521105420542881,0.6438520830124617,0.6597741250880063,0.6536439580377191,0.6564173749648035,0.652036041021347,0.6032197499880567,0.6471207499271259,0.6475313330302015,0.6445229169912636,0.6563921250635758,0.6512624159222469,0.6653777919709682,0.6596692919265479,0.6286730410065502,0.6352227081079036,0.6455993229057639,12.940638415981084
0.6519837080268189,0.6521237079286948,0.6530913329916075,0.6514890419784933,0.656137082958594,0.6496557500213385,0.6126219159923494,0.6340321659808978,0.6541342919226736,0.6505598330404609,0.6600508330157027,0.652693459065631,0.6510046669282019,0.6587491659447551,0.603593667037785,0.6491294580046088,0.6522826249711215,0.6477445409400389,0.6563143749954179,0.6458260830258951,0.6471608852385543,12.97254345798865
0.6505452080164105,0.6509696249850094,0.6122217919910327,0.6398819170426577,0.6493219159310684,0.6554200419923291,0.6525324999820441,0.6551804170012474,0.6630991669371724,0.6501921659801155,0.6087267919210717,0.6389767500804737,0.6526207911083475,0.6504670419963077,0.6621192080201581,0.6504871250363067,0.6671444160165265,0.6502024580258876,0.6072072910610586,0.6504466669866815,0.6458881645055954,12.947505999938585
0.6606057080207393,0.6565005419543013,0.6600442089838907,0.6453744160244241,0.6511372500099242,0.6552460410166532,0.6018375420244411,0.6468636669451371,0.6503213749965653,0.6508487079991028,0.6560750000644475,0.6513669170672074,0.658141249907203,0.6525102079613134,0.6124795420328155,0.6529036250431091,0.6484551660250872,0.6469676669221371,0.6549512499477714,0.6504513329127803,0.6481540707929525,12.99403783294838
0.6525565000483766,0.6548014999134466,0.6057982499478385,0.6535622500814497,0.6516382079571486,0.6559865000890568,0.6625294159166515,0.6536883750231937,0.6548072920413688,0.6523523750947788,0.6024583750404418,0.6514640420209616,0.6490652499487624,0.6514851249521598,0.653437125030905,0.6536400839686394,0.6609907089732587,0.6354919589357451,0.6033354999963194,0.6510752079775557,0.6455082021479029,12.939340417040512
0.6544537500012666,0.6505601250100881,0.6525331670418382,0.6516197500750422,0.6521772500127554,0.6516278749331832,0.6052031660219654,0.6473252910654992,0.6593046669149771,0.6557983750244603,0.6487294170074165,0.6486860839650035,0.6498103329213336,0.6512195409741253,0.6145944589516148,0.6344253330025822,0.6517802090384066,0.6491018750239164,0.6540075410157442,0.6503690000390634,0.6466663604020141,12.963121333043091
0.6585637079551816,0.6450707080075517,0.6066134999273345,0.6469934169435874,0.6501839580014348,0.6735266669420525,0.6541809169575572,0.6498280829982832,0.653909666929394,0.6606454160064459,0.6106831670040265,0.6566414160188287,0.6556354580679908,0.6520109999692068,0.6622575840447098,0.6509751660050824,0.6503600419964641,0.6497342078946531,0.6021253330400214,0.654096791986376,0.6472018103348092,12.97368362499401
0.6547227090923116,0.6559409580659121,0.6543377910275012,0.6447019589832053,0.6518441250082105,0.652102499967441,0.6168294160161167,0.6319659579312429,0.6516572498949245,0.654251208063215,0.6572261250112206,0.6489866670453921,0.6513636250747368,0.6571379579836503,0.63489995803684,0.6146017500432208,0.6391406250186265,0.6311766669386998,0.6486973330611363,0.6536711660446599,0.6452627874154132,12.934835291933268
0.6560208339942619,0.6419827080098912,0.6445639579324052,0.6084152499679476,0.644954957999289,0.6487345410278067,0.6490835419390351,0.64393579098396,0.6586468330351636,0.6527112500043586,0.6478828749386594,0.6102929160697386,0.6490912500303239,0.6501984170172364,0.6487719579599798,0.6449741249671206,0.6509927500737831,0.6524204169400036,0.6519820829853415,0.6050495419185609,0.6430352998897433,12.889694249955937
0.646777292015031,0.6567937500076368,0.6501027499325573,0.6496890829876065,0.6486418340355158,0.6492945830104873,0.6426424589008093,0.6046708750072867,0.64492454205174,0.6448950000340119,0.6353563748998567,0.6455214160960168,0.6490407920209691,0.6523353750817478,0.6643221660051495,0.6050368340220302,0.648415333009325,0.6485683330101892,0.6486089169047773,0.6500954999355599,0.6442866604484152,12.915022333036177
0.6507449169876054,0.6506546660093591,0.6550805829465389,0.6014759999234229,0.6476132080424577,0.6524729171069339,0.649216957972385,0.6536761249881238,0.6562748340656981,0.6488458750536665,0.6541167501127347,0.6019543329020962,0.6505598749499768,0.6542042919900268,0.6483678329968825,0.6480990410782397,0.6524628330953419,0.647023459081538,0.6535612079314888,0.6012987080030143,0.6438852207618766,12.908126167021692
0.6499279999407008,0.6456202920526266,0.6447695000097156,0.6531790000153705,0.6477469159290195,0.6462723340373486,0.648385624983348,0.6009902500081807,0.650432041962631,0.6487925830297172,0.6495722499676049,0.6557797499699518,0.6678410840686411,0.6543709579855204,0.645534708048217,0.6102592080133036,0.6314655829919502,0.6360823749564588,0.6516312499297783,0.6499598749214783,0.6444306791410781,12.918328083003871
0.6490577909862623,0.6537996659753844,0.6471520410850644,0.6066924170590937,0.648641666979529,0.6462948750704527,0.657534291036427,0.6594515000469983,0.6489711669273674,0.6544890409568325,0.6489305830327794,0.6137833329848945,0.65335999999661,0.6518164159497246,0.6529272500192747,0.6573123750276864,0.6464170420076698,0.652327417046763,0.6550391670316458,0.6131507080281153,0.6458574373624287,12.946735000004992
0.6341528330231085,0.6438229589257389,0.6469494999619201,0.6451033330522478,0.6413320830324665,0.6501930420054123,0.6499460419872776,0.6303228749893606,0.6173363339621574,0.6369227090617642,0.6519673750735819,0.6512404159875587,0.650090166949667,0.6498658340424299,0.6509365000529215,0.6345273340120912,0.6178882920648903,0.6469760839827359,0.6468487910460681,0.6507301670499146,0.6423576335131657,12.876135666971095
0.6505022080382332,0.6499534168979153,0.6449392910581082,0.626089375000447,0.6075322080869228,0.6515514580532908,0.6506243749754503,0.6466339998878539,0.6573497909121215,0.6505590840242803,0.6494348749984056,0.6288358330493793,0.6209402089007199,0.6504780829418451,0.6498541670152918,0.6551799160661176,0.6485954170348123,0.6589222500333562,0.6460532080382109,0.6454593749949709,0.6444744270003866,12.918584999977611
0.6020995830185711,0.6477647910360247,0.6475447090342641,0.6449136660667136,0.6513532919343561,0.653861332917586,0.6460066249128431,0.6453241659328341,0.599397666985169,0.6447718340205029,0.6480151669820771,0.6528134170221165,0.651379624963738,0.6448004170088097,0.6430070829810575,0.6545684579759836,0.5953488750383258,0.6502223749412224,0.6469784169457853,0.6537181249586865,0.6411944812338334,12.853736832970753
0.6550605830270797,0.6526107500540093,0.6459379999432713,0.6485182499745861,0.6007607920328155,0.6506046659778804,0.6481057500932366,0.6446147499373183,0.6539024580270052,0.647733167046681,0.6362765840021893,0.6505189170129597,0.6120542089920491,0.6429834169102833,0.6501433750381693,0.6487097089411691,0.6563015000429004,0.6500182080781087,0.6554334160173312,0.6558257909491658,0.6453057146049105,12.935116667067632
0.6184709999943152,0.6387940000277013,0.6535027080681175,0.6562914170790464,0.6527652919758111,0.6438573331106454,0.6498202909715474,0.6525708750123158,0.6192877080757171,0.6339848330244422,0.6542702080914751,0.6467487919144332,0.6477570829447359,0.646015957929194,0.6456993330502883,0.6327805409673601,0.6412592920241877,0.6322132080094889,0.6462413748959079,0.6541057080030441,0.6433218477584888,12.895522832986899
0.6526059580501169,0.665741499979049,0.6498375830706209,0.6477250000461936,0.6442925420124084,0.624391584075056,0.6464104159967974,0.6459630829049274,0.6481038749916479,0.6379649169975892,0.6634469589916989,0.6563357500126585,0.6578440829180181,0.6025827910052612,0.6503327500540763,0.646107375039719,0.6345137080643326,0.6543693750863895,0.649282458005473,0.6497170419897884,0.6463784374645911,12.958470875048079
0.6436993329552934,0.5956284169806167,0.6484057090710849,0.6513205419760197,0.6479537499835715,0.6484897090122104,0.6511337499832734,0.6459726250031963,0.6452824999578297,0.6015895419986919,0.6489245409611613,0.6445159170543775,0.6449017920531332,0.6515097910305485,0.6481734999688342,0.6452315000351518,0.6476020420668647,0.6000915840268135,0.6565209999680519,0.6468812500825152,0.640691439708462,12.843859958928078
0.6461404170840979,0.6511249999748543,0.657901749946177,0.6499876249581575,0.6485071659553796,0.602641333010979,0.653024666942656,0.6481408750405535,0.6415319589432329,0.6504023749148473,0.6475649169879034,0.6452603749930859,0.6486827089684084,0.5917792090913281,0.6483341660350561,0.6495226249098778,0.6468782500596717,0.65424662490841,0.6528360419906676,0.6510729580186307,0.6442790521366988,12.915057000005618
0.6500035419594496,0.5969112499151379,0.6394111249828711,0.6401904580416158,0.6490477089537308,0.651185541995801,0.6492949998937547,0.6464865410234779,0.648993166978471,0.5983256669715047,0.6536864170338959,0.6495595410233364,0.6480379580752924,0.6514183749677613,0.6476766250561923,0.6532860839506611,0.6549181669251993,0.6158913749968633,0.6502195410430431,0.6459894590079784,0.6420266771398019,12.870576041052118
0.6510592920240015,0.6548442920902744,0.6528114159591496,0.6496150840539485,0.6558539170073345,0.6065860000671819,0.6443714580964297,0.6503085830481723,0.6557495000306517,0.6512958749663085,0.6743188339751214,0.6543467090232298,0.6498604159569368,0.6308031670050696,0.6357338749803603,0.661898833932355,0.645294458954595,0.6514732079813257,0.6443708339938894,0.6482070409692824,0.6484401397057808,12.99838304205332
0.6435652920044959,0.6528467499883845,0.6326704170787707,0.6716563750524074,0.6569094590377063,0.6487214169465005,0.6583136670524254,0.6614212909480557,0.6504946670029312,0.6362410829169676,0.6210180419730023,0.6506101249251515,0.654382917098701,0.6477456670254469,0.6513552919495851,0.6499718750128523,0.6454198330175132,0.6502337920246646,0.6067525839898735,0.6481508750002831,0.6469240710022859,12.968146624974906
0.6514408329967409,0.6450350829400122,0.65057308296673,0.6561167079489678,0.6447361250175163,0.641598999965936,0.6028471669415012,0.6468667909502983,0.646558832959272,0.6541101250331849,0.6517939580371603,0.6554893749998882,0.6504946250934154,0.6535990830743685,0.6059102499857545,0.6551495830062777,0.6599922080058604,0.6493982089450583,0.6523598340572789,0.6482303329976276,0.6461150602961425,12.95176495902706
0.6441195419756696,0.6444607910234481,0.5993485419312492,0.6505880000768229,0.6501815420342609,0.6481023340020329,0.6487188339233398,0.6443162499926984,0.6487838749308139,0.6522200000472367,0.6074148750631139,0.6405288750538602,0.6461313749896362,0.6459966249531135,0.6473669590195641,0.6298767909174785,0.6252916250377893,0.6438635420054197,0.6370036249281839,0.6172534580109641,0.6385783729958348,12.800863708020188
0.6541922079632059,0.6507754579652101,0.6470834580250084,0.6545110830338672,0.6022668749792501,0.6463752079289407,0.6378533749375492,0.60526729200501,0.6460715419379994,0.6481562500121072,0.6521998750977218,0.6491239999886602,0.6490502499509603,0.647198082995601,0.6506888750009239,0.5990125830285251,0.6527045000111684,0.6474359169369563,0.6448401670204476,0.6370233750203624,0.6410915186919738,12.85080991697032
0.6488201660104096,0.6429762919433415,0.6401134158950299,0.597755791968666,0.6535772499628365,0.6444934590253979,0.6450837079901248,0.6516530000371858,0.6501570000546053,0.6441459170309827,0.6490108750294894,0.5963447919348255,0.6490649170009419,0.6476119169965386,0.6487365830689669,0.648521792027168,0.6498121659969911,0.6408331670099869,0.6541283339029178,0.6051767079625279,0.6404008625424467,12.837065875064582
0.6292575419647619,0.6464796250220388,0.7126484169857576,0.6534888339228928,0.6538951670518145,0.6477464579511434,0.6441508330171928,0.5926149579463527,0.6428610000293702,0.6412559580057859,0.6449306251015514,0.6498078340664506,0.64930816704873,0.6459312919760123,0.6552803749218583,0.6042740410193801,0.6245673330267891,0.6489294579951093,0.6437062909826636,0.6738847499946132,0.6452509479015134,12.934631458949298
0.6477874999400228,0.6492243750253692,0.6524109999882057,0.6100185420364141,0.6405550839845091,0.6035880830604583,0.6389718329301104,0.642718542017974,0.6463370410492644,0.653600542107597,0.6482435830403119,0.6212167500052601,0.6298836669884622,0.648681667051278,0.6471286669839174,0.6523856660351157,0.6508671659976244,0.6542493749875575,0.6542220000410452,0.6243444998981431,0.6408217791584321,12.84575858397875
0.6274630000116304,0.6615341670112684,0.6519459589617327,0.6523684170097113,0.6464983340119943,0.6473278750199825,0.655398041009903,0.6326598330633715,0.6098181250272319,0.6377248750068247,0.6482533330563456,0.6457090000621974,0.6524747079238296,0.6467664999654517,0.650432041962631,0.6456457499880344,0.5994779160246253,0.6450052920263261,0.6565572920953855,0.6580820420058444,0.6435571250622161,12.900502625037916
0.6517806249903515,0.6495891669765115,0.6342307080049068,0.6138694589026272,0.6114475000649691,0.6409671669825912,0.6549499169923365,0.6456455000443384,0.6522785420529544,0.6498997500166297,0.654960541985929,0.650452291010879,0.5982871670275927,0.6501748750451952,0.6511054580332711,0.6480052080005407,0.6108461669646204,0.6386126669822261,0.6444112500175834,0.6531533340457827,0.6402333647070918,12.83389070793055
0.6173287910642102,0.6377612079959363,0.6504883749876171,0.6456345830811188,0.6521102079423144,0.650283082970418,0.6404829169623554,0.6188111669616774,0.622552499989979,0.634934667032212,0.6550800420809537,0.6554584170226008,0.6545754589606076,0.6497937499079853,0.6569993339944631,0.6358753340318799,0.6073969160206616,0.640016125049442,0.6497646250063553,0.6545857500750571,0.6414966625568923,12.859801499987952
0.6389521670062095,0.6730147500056773,0.6048406669870019,0.6208750420482829,0.6448193750111386,0.6269531669095159,0.6516397499945015,0.6452597089810297,0.6468818749999627,0.6339260840322822,0.650458374992013,0.6487598749808967,0.6431819580029696,0.6032217500032857,0.6468784580938518,0.6421153750270605,0.64766591694206,0.6463791249552742,0.6471964999800548,0.6452917079441249,0.6404155813448597,12.837545249960385
0.6527739999582991,0.6033642500406131,0.6505153339821845,0.6483490829123184,0.6561422919621691,0.6460282920161262,0.650553125073202,0.6503493749769405,0.6517527919495478,0.6015058750053868,0.6511932089924812,0.6527959590312093,0.6470247500110418,0.6477791670477018,0.6468211249448359,0.6439449170138687,0.6527599589899182,0.602004916057922,0.6506988330511376,0.6523559589404613,0.6429356605978682,12.887913416954689
0.6423662499291822,0.6477214590413496,0.6413448340026662,0.6468858750304207,0.6486130410339683,0.6011800830019638,0.6451198749709874,0.6410135419573635,0.6477762089343742,0.6507683749077842,0.645344958989881,0.645825874991715,0.6477961250348017,0.6352910000132397,0.6492047910578549,0.6504411249188706,0.6487436669413,0.6575227499706671,0.6453353749820963,0.6518148339819163,0.6445055021846201,12.919177750009112
0.6491772920126095,0.6119807080831379,0.6493543749675155,0.6486804999876767,0.6456030410481617,0.6480997920734808,0.6496947919949889,0.6550450419308618,0.6506588330958039,0.6089264580514282,0.6548114999895915,0.6558826670516282,0.6394345419248566,0.6364277499960735,0.6381252080900595,0.6753717919345945,0.6550479169236496,0.6402367500122637,0.6236461249645799,0.6534676660085097,0.6444836375070736,12.919377500074916
0.6499047920806333,0.6466916250064969,0.6525386669673026,0.6518863749224693,0.6534943329170346,0.637550791958347,0.6202219590777531,0.6507726670242846,0.6366688329726458,0.6555456250207499,0.6478429159615189,0.6477099169278517,0.6558987089665607,0.653948082937859,0.6070492080179974,0.6527047499548644,0.6581914169946685,0.6507806660374627,0.656752459006384,0.6589910839684308,0.6472572438360658,12.974792332970537
0.6534986670594662,0.6586397079518065,0.6136049160268158,0.6523169579450041,0.6549060419201851,0.6438095000339672,0.6509618329582736,0.6539183339336887,0.6541489589726552,0.6544720840174705,0.608070750022307,0.6366472500376403,0.6322023749817163,0.6403150000842288,0.6440337910316885,0.6557786660268903,0.6507171669509262,0.6517011669930071,0.6292446249863133,0.6410510829882696,0.644001943746116,12.909427333041094
0.6492084170458838,0.6460179169662297,0.6507541249739006,0.6716689999448135,0.6602614580187947,0.6458396670641378,0.6048238330986351,0.6348579580662772,0.6375843330752105,0.653206791030243,0.6558034580666572,0.6549432090250775,0.6558709999080747,0.6558123329887167,0.6027852919651195,0.6452892499510199,0.6585487499833107,0.6479371250607073,0.6523365410976112,0.653900167089887,0.6468725312210154,12.966870249947533
0.6525727499974892,0.6561822919175029,0.6042560000205413,0.654837750014849,0.6560199160594493,0.6597102920059115,0.655601124977693,0.6498448339989409,0.6482615829445422,0.6573169159237295,0.6022404580144212,0.6501307499129325,0.6509907920844853,0.6588713749079034,0.6594169579911977,0.6513031669892371,0.6547119580209255,0.6544810829218477,0.5999643750255927,0.6507046660408378,0.6463709519885015,12.958074458991177
0.6496316250413656,0.6480697080260143,0.6549397499766201,0.6593531249091029,0.6472719999728724,0.6504278749926016,0.6106211659498513,0.6476853329222649,0.6531428749440238,0.6546277499292046,0.6588804590282962,0.6489443329628557,0.6496348750079051,0.6503971670754254,0.6057710830355063,0.6476334170438349,0.655986416968517,0.6492816669633612,0.6512890410376713,0.6507486660266295,0.6472169165906962,12.973745750030503
0.6576918750070035,0.6400261250091717,0.6125982500379905,0.6337297080317512,0.6488696250598878,0.6487703330349177,0.6532780000707135,0.6567755000432953,0.6563611659221351,0.6569763330044225,0.6095538750523701,0.6460992499487475,0.6574617079459131,0.6530534160556272,0.6549205840565264,0.6513527920469642,0.6515766669763252,0.6522531670052558,0.6121946659404784,0.6514595409389585,0.6452501290594228,12.9346735420404
0.6394490840611979,0.6402596660191193,0.6502228339668363,0.6450061670038849,0.6543985409662127,0.6446861251024529,0.6266089999116957,0.6154970419593155,0.6511407500365749,0.6517805410549045,0.6520698749227449,0.6470100829610601,0.6503575829556212,0.6472164170118049,0.647452374920249,0.6048571249702945,0.6483200830407441,0.6515897500794381,0.6536049999995157,0.6495129580143839,0.6435520499479026,12.900442417012528
0.6556460419669747,0.6462823749752715,0.6513560409657657,0.5950666670687497,0.657448000041768,0.654009041027166,0.6535017089918256,0.6432903750101104,0.654090708005242,0.6552595830289647,0.6611661249771714,0.6038094579707831,0.65010908304248,0.6488233749987558,0.649040583986789,0.6481101249810308,0.6502402500482276,0.6534334999741986,0.6536419580224901,0.6060671670129523,0.6445196083048359,12.920366332982667
0.6539826249936596,0.6527219580020756,0.6533034170279279,0.6461968329967931,0.6434873339021578,0.650587624986656,0.6487537920475006,0.5994933339534327,0.6514475420117378,0.6474694580538198,0.6491310830460861,0.6517624170519412,0.6525773340836167,0.6485782499657944,0.6558925419813022,0.6041122500319034,0.6584973750868812,0.6517060410697013,0.6491809589788318,0.6477996669709682,0.6458340918121394,12.946572207962163
0.6529921250184998,0.654706749948673,0.6545964588876814,0.6020117499865592,0.6491072499193251,0.6693807090632617,0.6545488750562072,0.6456428330857307,0.657614832976833,0.6510721249505877,0.6543586669722572,0.6022343749646097,0.6527362080523744,0.6513850840274245,0.6425962499342859,0.6507712079910561,0.6606193339684978,0.6487055420875549,0.6537803329993039,0.6075149580137804,0.6458187833952251,12.945746207959019
0.65299887501169,0.6504806660814211,0.6525769999716431,0.6499359589070082,0.6535904590273276,0.6495186249958351,0.6545759999426082,0.5955874579958618,0.6509893330512568,0.6516054170206189,0.6461376670049503,0.660673207952641,0.650634584017098,0.7110035410150886,0.6530787920346484,0.6049425000092015,0.6525735830655321,0.6550531659740955,0.6474971660645679,0.6559312910540029,0.6499692645098548,13.028976375004277
0.6543334579328075,0.6443980420008302,0.6486174579476938,0.5980345410062,0.6526510419789702,0.6503048329614103,0.6496399159077555,0.652047291980125,0.6538775420049205,0.6509854579344392,0.6495875420514494,0.5959827920887619,0.6547078329604119,0.6563962090294808,0.6541574170114473,0.6539600420510396,0.6594242500141263,0.6523055840516463,0.6521944160340354,0.5992759170476347,0.6441440791997592,12.912244042032398
0.6401976249180734,0.6402981249848381,0.6515132909407839,0.6537911249324679,0.6452451250515878,0.6481290409574285,0.6541659170761704,0.6001282499637455,0.648464750032872,0.6383940000087023,0.6510224579833448,0.6427090420620516,0.6485511250793934,0.653995709028095,0.6529807499609888,0.6109233329771087,0.645451582968235,0.6451610419899225,0.646724000107497,0.6496484159724787,0.6433747353497893,12.897096166969277
0.65230125002563,0.6499270409112796,0.6497458750382066,0.6026340000098571,0.6461656250758097,0.6498335839714855,0.655242208042182,0.6556438339175656,0.6520299999974668,0.6536738749127835,0.6560809999937192,0.6034403330413625,0.6485008329618722,0.6535184580134228,0.6525103329913691,0.6564124589785933,0.6491430420428514,0.6485630420502275,0.6535716670332476,0.6002245839918032,0.6444581521500368,12.918910666950978
0.6452798750251532,0.6418317920761183,0.64652308402583,0.6496761250309646,0.6490382080664858,0.6413578749634326,0.6399499999824911,0.5926193339983001,0.6445078329415992,0.6510576669825241,0.6519674999872223,0.6479375829221681,0.6544306249124929,0.651311874971725,0.6506082919659093,0.6042735000373796,0.6544856249820441,0.6422780000139028,0.6171996250050142,0.6787944580428302,0.6427564437966794,12.8846048329724
